Order_ID,Order_Date,Customer_Name,Email,Phone,City,State,Product,Category,Qty,Unit_Price,Discount,Payment_Mode,Order_Status,Delivery_Date,Sales,Net_Amount,Profit,Month,Year,Weekday
ORD1002,30-06-2025,Neha,neha82@gmail.com,9829008196,Delhi,Delhi,Chair,Furniture,4,1999,0,UPI,Pending,03-07-2025,7996,7996,1599.2,June,2025,Monday
ORD1003,03-02-2025,Rohit,rohit45@gmail.com,9280491167,Pune,Maharashtra,Watch,Fashion,5,4999,20,Card,Pending,09-02-2025,24995,19996,3999.2,February,2025,Monday
ORD1004,06-05-2025,Amit,amit6@gmail.com,9943310925,Jaipur,Rajasthan,Mouse,Electronics,3,1999,5,COD,Returned,08-05-2025,5997,5697.15,1139.43,May,2025,Tuesday
ORD1007,10-02-2025,Rahul,rahul82@gmail.com,9517780193,Mumbai,Maharashtra,Mouse,Electronics,3,499,20,Wallet,Cancelled,18-02-2025,1497,1197.6,239.52,February,2025,Monday
ORD1008,17-02-2025,Rahul,rahul71@gmail.com,9789375429,Lucknow,Up,Mouse,Electronics,4,9999,0,Card,Returned,27-02-2025,39996,39996,7999.2,February,2025,Monday
ORD1009,21-03-2025,Rahul,rahul99@gmail.com,9552649559,Mumbai,Maharashtra,Bottle,Home,2,1499,0,Wallet,Pending,28-03-2025,2998,2998,599.6,March,2025,Friday
ORD1010,10-04-2025,Rohit,rohit96@gmail.com,9700116928,Jaipur,Rajasthan,Mouse,Electronics,1,,0,NetBanking,Delivered,16-04-2025,,,,April,2025,Thursday
ORD1011,11-01-2025,Neha,neha22@gmail.com,9580304152,Jaipur,Rajasthan,Chair,Furniture,3,999,0,COD,Pending,16-01-2025,2997,2997,599.4,January,2025,Saturday
ORD1012,03-03-2025,Vikas,vikas46@gmail.com,9551158398,Jaipur,Rajasthan,Shoes,Fashion,3,999,5,COD,Cancelled,09-03-2025,2997,2847.15,569.43,March,2025,Monday
ORD1015,17-03-2025,Rohit,rohit6@gmail.com,9643353842,Lucknow,Up,Bottle,Home,5,,5,Card,Returned,19-03-2025,,,,March,2025,Monday
ORD1016,31-03-2025,Sneha,sneha86@gmail.com,9125254427,Pune,Maharashtra,Laptop,Electronics,3,4999,20,NetBanking,Pending,09-04-2025,14997,11997.6,2399.52,March,2025,Monday
ORD1017,12-01-2025,Vikas,vikas12@gmail.com,9498228945,Jaipur,Rajasthan,Watch,Fashion,1,4999,10,NetBanking,Pending,22-01-2025,4999,4499.1,899.82,January,2025,Sunday
ORD1018,23-06-2025,Amit,amit96@gmail.com,9124086971,Mumbai,Maharashtra,Shoes,Fashion,2,4999,5,Wallet,Delivered,30-06-2025,9998,9498.1,1899.62,June,2025,Monday
ORD1019,06-03-2025,Vikas,vikas20@gmail.com,9524467082,Bengaluru,Karnataka,Chair,Furniture,3,1499,0,COD,Returned,16-03-2025,4497,4497,899.4,March,2025,Thursday
ORD1020,15-03-2025,Rahul,rahul90@gmail.com,9106119129,Pune,Maharashtra,Watch,Fashion,3,999,0,UPI,Returned,17-03-2025,2997,2997,599.4,March,2025,Saturday
ORD1021,27-01-2025,Priya,priya82@gmail.com,9583849937,Pune,Maharashtra,Chair,Furniture,3,,5,UPI,Cancelled,02-02-2025,,,,January,2025,Monday
ORD1023,27-04-2025,Neha,neha70@gmail.com,9133995118,Mumbai,Maharashtra,Shoes,Fashion,1,499,5,COD,Pending,01-05-2025,499,474.05,94.81,April,2025,Sunday
ORD1024,29-06-2025,Rohit,rohit60@gmail.com,9633404088,Bengaluru,Karnataka,Mouse,Electronics,3,,15,Card,Cancelled,08-07-2025,,,,June,2025,Sunday
ORD1026,05-04-2025,Sneha,sneha71@gmail.com,9967773139,Bengaluru,Karnataka,Bottle,Home,4,9999,10,Wallet,Returned,08-04-2025,39996,35996.4,7199.28,April,2025,Saturday
ORD1028,05-06-2025,Amit,amit15@gmail.com,9853264878,Lucknow,Up,Watch,Fashion,3,4999,0,NetBanking,Cancelled,09-06-2025,14997,14997,2999.4,June,2025,Thursday
ORD1029,06-02-2025,Rahul,rahul82@gmail.com,9689560222,Pune,Maharashtra,Bottle,Home,5,1499,0,COD,Delivered,13-02-2025,7495,7495,1499,February,2025,Thursday
ORD1030,25-04-2025,Rahul,rahul52@gmail.com,9882683944,Mumbai,Maharashtra,Shoes,Fashion,1,9999,20,UPI,Delivered,01-05-2025,9999,7999.2,1599.84,April,2025,Friday
ORD1032,12-04-2025,Neha,neha79@gmail.com,9312273373,Pune,Maharashtra,Bottle,Home,1,499,20,UPI,Delivered,21-04-2025,499,399.2,79.84,April,2025,Saturday
ORD1034,13-05-2025,Amit,amit55@gmail.com,9798448836,Pune,Maharashtra,Bottle,Home,4,4999,0,NetBanking,Pending,21-05-2025,19996,19996,3999.2,May,2025,Tuesday
ORD1039,20-03-2025,Rahul,rahul33@gmail.com,9193291098,Jaipur,Rajasthan,Laptop,Electronics,1,2599,15,Wallet,Returned,25-03-2025,2599,2209.15,441.83,March,2025,Thursday
ORD1040,,Sneha,sneha23@gmail.com,9116124699,Delhi,Delhi,Bottle,Home,5,1499,10,Card,Returned,17-06-2025,7495,6745.5,1349.1,,,
ORD1041,25-06-2025,Rahul,rahul11@gmail.com,9940596133,Bengaluru,Karnataka,Bottle,Home,5,9999,0,UPI,Returned,29-06-2025,49995,49995,9999,June,2025,Wednesday
ORD1042,13-01-2025,Rahul,rahul66@gmail.com,9792040786,Mumbai,Maharashtra,Bottle,Home,4,,15,NetBanking,Delivered,15-01-2025,,,,January,2025,Monday
ORD1043,16-04-2025,Rahul,rahul61@gmail.com,9157741059,Delhi,Delhi,Laptop,Electronics,2,2599,5,COD,Pending,26-04-2025,5198,4938.1,987.62,April,2025,Wednesday
ORD1045,05-03-2025,Priya,priya61@gmail.com,9111524138,Bengaluru,Karnataka,Laptop,Electronics,3,1499,10,Wallet,Pending,13-03-2025,4497,4047.3,809.46,March,2025,Wednesday
ORD1047,17-03-2025,Rohit,rohit24@gmail.com,9603990367,Jaipur,Rajasthan,Shoes,Fashion,1,999,20,NetBanking,Cancelled,24-03-2025,999,799.2,159.84,March,2025,Monday
ORD1049,15-04-2025,Amit,amit42@gmail.com,9533399379,Lucknow,Up,Watch,Fashion,5,2599,0,COD,Returned,23-04-2025,12995,12995,2599,April,2025,Tuesday
ORD1052,25-02-2025,Sneha,sneha63@gmail.com,9276376917,Pune,Maharashtra,Mouse,Electronics,5,9999,0,UPI,Returned,02-03-2025,49995,49995,9999,February,2025,Tuesday
ORD1053,23-05-2025,Sneha,sneha39@gmail.com,9432994066,Mumbai,Maharashtra,Laptop,Electronics,1,1999,0,COD,Delivered,29-05-2025,1999,1999,399.8,May,2025,Friday
ORD1054,15-05-2025,Sneha,sneha78@gmail.com,9399449203,Jaipur,Rajasthan,Laptop,Electronics,2,999,20,NetBanking,Pending,25-05-2025,1998,1598.4,319.68,May,2025,Thursday
ORD1056,29-05-2025,Neha,neha98@gmail.com,9481676392,Pune,Maharashtra,Chair,Furniture,2,9999,15,COD,Cancelled,31-05-2025,19998,16998.3,3399.66,May,2025,Thursday
ORD1057,03-02-2025,Rohit,rohit66@gmail.com,9358211659,Bengaluru,Karnataka,Chair,Furniture,5,1499,0,Wallet,Pending,06-02-2025,7495,7495,1499,February,2025,Monday
ORD1058,12-02-2025,Sneha,sneha17@gmail.com,9581041302,Jaipur,Rajasthan,Chair,Furniture,2,2599,15,Card,Cancelled,17-02-2025,5198,4418.3,883.66,February,2025,Wednesday
ORD1059,07-05-2025,Vikas,vikas8@gmail.com,9966346542,Pune,Maharashtra,Mouse,Electronics,5,999,0,NetBanking,Delivered,17-05-2025,4995,4995,999,May,2025,Wednesday
ORD1060,09-04-2025,Rohit,rohit64@gmail.com,9848493769,Delhi,Delhi,Laptop,Electronics,5,999,0,COD,Returned,15-04-2025,4995,4995,999,April,2025,Wednesday
ORD1061,01-06-2025,Vikas,vikas12@gmail.com,9714988193,Jaipur,Rajasthan,Shoes,Fashion,5,499,10,UPI,Cancelled,05-06-2025,2495,2245.5,449.1,June,2025,Sunday
ORD1064,28-06-2025,Rohit,rohit44@gmail.com,9745435168,Lucknow,Up,Bottle,Home,1,1999,5,NetBanking,Cancelled,04-07-2025,1999,1899.05,379.81,June,2025,Saturday
ORD1065,27-04-2025,Sneha,sneha92@gmail.com,9231780669,Mumbai,Maharashtra,Shoes,Fashion,3,1499,10,NetBanking,Pending,01-05-2025,4497,4047.3,809.46,April,2025,Sunday
ORD1066,05-05-2025,Neha,neha26@gmail.com,Unknown,Mumbai,Maharashtra,Watch,Fashion,5,2599,20,Card,Returned,14-05-2025,12995,10396,2079.2,May,2025,Monday
ORD1067,10-03-2025,Sneha,sneha9@gmail.com,9631416622,Delhi,Delhi,Shoes,Fashion,1,,0,NetBanking,Returned,16-03-2025,,,,March,2025,Monday
ORD1069,20-01-2025,Vikas,vikas55@gmail.com,9385463872,Lucknow,Up,Shoes,Fashion,1,4999,0,Card,Cancelled,28-01-2025,4999,4999,999.8,January,2025,Monday
ORD1070,28-02-2025,Sneha,sneha18@gmail.com,9191665927,Delhi,Delhi,Chair,Furniture,1,499,0,Wallet,Cancelled,04-03-2025,499,499,99.8,February,2025,Friday
ORD1071,13-01-2025,Priya,priya8@gmail.com,9398321309,Delhi,Delhi,Laptop,Electronics,4,999,15,Card,Returned,21-01-2025,3996,3396.6,679.32,January,2025,Monday
ORD1072,29-03-2025,Sneha,sneha64@gmail.com,9920347519,Bengaluru,Karnataka,Chair,Furniture,3,4999,0,Card,Returned,07-04-2025,14997,14997,2999.4,March,2025,Saturday
,26-01-2025,Vikas,vikas17@gmail.com,9814518863,Mumbai,Maharashtra,Chair,Furniture,4,4999,15,NetBanking,Cancelled,31-01-2025,19996,16996.6,3399.32,January,2025,Sunday
ORD1074,15-06-2025,Neha,neha79@gmail.com,9851707847,Pune,Maharashtra,Chair,Furniture,5,4999,20,Card,Delivered,19-06-2025,24995,19996,3999.2,June,2025,Sunday
ORD1075,20-05-2025,Vikas,vikas2@gmail.com,9934129735,Pune,Maharashtra,Mouse,Electronics,4,4999,5,NetBanking,Pending,20-05-2025,19996,18996.2,3799.24,May,2025,Tuesday
ORD1077,24-01-2025,Neha,neha85@gmail.com,9919894416,Mumbai,Maharashtra,Bottle,Home,2,499,0,Wallet,Cancelled,30-01-2025,998,998,199.6,January,2025,Friday
ORD1078,01-02-2025,Neha,neha42@gmail.com,9561350940,Lucknow,Up,Chair,Furniture,5,1499,20,Card,Pending,06-02-2025,7495,5996,1199.2,February,2025,Saturday
ORD1079,27-01-2025,Priya,priya59@gmail.com,9961124731,Lucknow,Up,Mouse,Electronics,1,1999,15,Card,Returned,04-02-2025,1999,1699.15,339.83,January,2025,Monday
ORD1080,,Priya,priya79@gmail.com,9541666116,Jaipur,Rajasthan,Laptop,Electronics,5,1499,5,COD,Returned,15-03-2025,7495,7120.25,1424.05,,,
ORD1081,25-05-2025,Sneha,sneha41@gmail.com,9406235087,Jaipur,Rajasthan,Bottle,Home,5,999,20,Wallet,Returned,04-06-2025,4995,3996,799.2,May,2025,Sunday
ORD1082,01-06-2025,Vikas,vikas84@gmail.com,9289950400,Pune,Maharashtra,Watch,Fashion,3,1999,5,COD,Pending,08-06-2025,5997,5697.15,1139.43,June,2025,Sunday
ORD1083,14-05-2025,Priya,priya17@gmail.com,9678334449,Bengaluru,Karnataka,Shoes,Fashion,5,2599,15,Wallet,Cancelled,20-05-2025,12995,11045.75,2209.15,May,2025,Wednesday
ORD1084,28-01-2025,Sneha,sneha42@gmail.com,9224233737,Delhi,Delhi,Mouse,Electronics,5,,5,UPI,Delivered,04-02-2025,,,,January,2025,Tuesday
ORD1085,02-01-2025,Vikas,vikas8@gmail.com,9811000878,Mumbai,Maharashtra,Chair,Furniture,1,1999,15,Card,Returned,07-01-2025,1999,1699.15,339.83,January,2025,Thursday
ORD1086,24-03-2025,Rahul,rahul51@gmail.com,9334759931,Lucknow,Up,Mouse,Electronics,5,2599,5,Card,Delivered,02-04-2025,12995,12345.25,2469.05,March,2025,Monday
ORD1087,22-04-2025,Vikas,vikas58@gmail.com,9709409870,Bengaluru,Karnataka,Bottle,Home,5,2599,10,Card,Delivered,30-04-2025,12995,11695.5,2339.1,April,2025,Tuesday
ORD1088,04-05-2025,Rahul,rahul31@gmail.com,Unknown,Bengaluru,Karnataka,Bottle,Home,5,9999,10,Card,Cancelled,09-05-2025,49995,44995.5,8999.1,May,2025,Sunday
ORD1094,17-05-2025,Rohit,rohit4@gmail.com,9462327553,Delhi,Delhi,Mouse,Electronics,3,9999,0,UPI,Pending,26-05-2025,29997,29997,5999.4,May,2025,Saturday
ORD1095,05-04-2025,Rahul,rahul23@gmail.com,9141462098,Delhi,Delhi,Chair,Furniture,2,999,15,UPI,Cancelled,15-04-2025,1998,1698.3,339.66,April,2025,Saturday
ORD1096,05-04-2025,Rohit,rohit73@gmail.com,9444104993,Mumbai,Maharashtra,Shoes,Fashion,5,,0,UPI,Pending,15-04-2025,,,,April,2025,Saturday
ORD1097,01-04-2025,Sneha,sneha71@gmail.com,9339643495,Mumbai,Maharashtra,Shoes,Fashion,1,,0,Card,Delivered,07-04-2025,,,,April,2025,Tuesday
ORD1098,01-06-2025,Neha,neha42@gmail.com,9795658556,Mumbai,Maharashtra,Chair,Furniture,5,9999,15,COD,Returned,04-06-2025,49995,42495.75,8499.15,June,2025,Sunday
ORD1099,12-03-2025,Rahul,rahul62@gmail.com,9409139402,Lucknow,Up,Bottle,Home,1,499,0,UPI,Pending,15-03-2025,499,499,99.8,March,2025,Wednesday
ORD1100,18-03-2025,Priya,priya72@gmail.com,9126426468,Pune,Maharashtra,Mouse,Electronics,5,499,15,COD,Pending,18-03-2025,2495,2120.75,424.15,March,2025,Tuesday
ORD1102,07-01-2025,Sneha,sneha37@gmail.com,9507523995,Mumbai,Maharashtra,Chair,Furniture,5,2599,5,COD,Pending,11-01-2025,12995,12345.25,2469.05,January,2025,Tuesday
ORD1103,26-01-2025,Rohit,rohit37@gmail.com,9792751135,Pune,Maharashtra,Mouse,Electronics,2,999,20,Wallet,Cancelled,03-02-2025,1998,1598.4,319.68,January,2025,Sunday
ORD1105,16-04-2025,Sneha,sneha29@gmail.com,9130855060,Lucknow,Up,Laptop,Electronics,4,9999,0,COD,Cancelled,21-04-2025,39996,39996,7999.2,April,2025,Wednesday
ORD1107,25-01-2025,Priya,priya18@gmail.com,9857341843,Bengaluru,Karnataka,Laptop,Electronics,3,1999,0,Wallet,Returned,27-01-2025,5997,5997,1199.4,January,2025,Saturday
ORD1109,09-05-2025,Priya,priya47@gmail.com,9771632294,Jaipur,Rajasthan,Chair,Furniture,2,9999,0,Wallet,Returned,16-05-2025,19998,19998,3999.6,May,2025,Friday
ORD1110,16-05-2025,Sneha,sneha32@gmail.com,Unknown,Lucknow,Up,Bottle,Home,2,999,0,NetBanking,Returned,25-05-2025,1998,1998,399.6,May,2025,Friday
ORD1111,09-04-2025,Rohit,rohit76@gmail.com,9978213662,Pune,Maharashtra,Shoes,Fashion,1,2599,15,NetBanking,Returned,11-04-2025,2599,2209.15,441.83,April,2025,Wednesday
ORD1112,31-05-2025,Rohit,rohit23@gmail.com,9476674723,Bengaluru,Karnataka,Bottle,Home,4,2599,15,UPI,Delivered,02-06-2025,10396,8836.6,1767.32,May,2025,Saturday
ORD1113,10-02-2025,Amit,amit39@gmail.com,9125790157,Lucknow,Up,Laptop,Electronics,4,499,0,NetBanking,Cancelled,19-02-2025,1996,1996,399.2,February,2025,Monday
ORD1114,23-06-2025,Rahul,rahul27@gmail.com,9963695338,Jaipur,Rajasthan,Chair,Furniture,5,999,10,Wallet,Returned,01-07-2025,4995,4495.5,899.1,June,2025,Monday
ORD1115,25-05-2025,Rahul,rahul17@gmail.com,9306692646,Delhi,Delhi,Shoes,Fashion,2,2599,10,COD,Cancelled,30-05-2025,5198,4678.2,935.64,May,2025,Sunday
ORD1116,16-01-2025,Neha,neha74@gmail.com,9328163443,Mumbai,Maharashtra,Watch,Fashion,4,1499,0,NetBanking,Pending,23-01-2025,5996,5996,1199.2,January,2025,Thursday
ORD1117,10-05-2025,Priya,priya97@gmail.com,9735134223,Lucknow,Up,Bottle,Home,5,4999,0,COD,Delivered,16-05-2025,24995,24995,4999,May,2025,Saturday
ORD1119,12-02-2025,Rohit,rohit97@gmail.com,9739414080,Bengaluru,Karnataka,Laptop,Electronics,5,1999,0,UPI,Cancelled,20-02-2025,9995,9995,1999,February,2025,Wednesday
ORD1120,,Priya,priya70@gmail.com,9908689377,Mumbai,Maharashtra,Chair,Furniture,2,4999,20,UPI,Cancelled,26-03-2025,9998,7998.4,1599.68,,,
ORD1121,20-05-2025,Vikas,vikas22@gmail.com,9870762927,Pune,Maharashtra,Mouse,Electronics,1,4999,10,NetBanking,Cancelled,30-05-2025,4999,4499.1,899.82,May,2025,Tuesday
ORD1122,22-01-2025,Neha,neha63@gmail.com,9156805257,Delhi,Delhi,Shoes,Fashion,3,1999,15,Wallet,Pending,01-02-2025,5997,5097.45,1019.49,January,2025,Wednesday
ORD1123,30-04-2025,Rohit,rohit35@gmail.com,9130062131,Mumbai,Maharashtra,Watch,Fashion,1,2599,10,NetBanking,Cancelled,05-05-2025,2599,2339.1,467.82,April,2025,Wednesday
ORD1125,09-01-2025,Priya,priya18@gmail.com,9501386326,Lucknow,Up,Bottle,Home,1,,15,Wallet,Returned,09-01-2025,,,,January,2025,Thursday
ORD1126,17-05-2025,Amit,amit10@gmail.com,9479561164,Delhi,Delhi,Shoes,Fashion,5,2599,0,Wallet,Pending,27-05-2025,12995,12995,2599,May,2025,Saturday
ORD1127,01-01-2025,Rahul,rahul90@gmail.com,9327541358,Delhi,Delhi,Watch,Fashion,4,999,0,COD,Returned,06-01-2025,3996,3996,799.2,January,2025,Wednesday
ORD1128,21-02-2025,Vikas,vikas76@gmail.com,9363445434,Mumbai,Maharashtra,Watch,Fashion,4,1499,15,Wallet,Returned,24-02-2025,5996,5096.6,1019.32,February,2025,Friday
ORD1130,13-01-2025,Priya,priya44@gmail.com,9916562666,Delhi,Delhi,Bottle,Home,2,,5,Card,Cancelled,23-01-2025,,,,January,2025,Monday
ORD1134,02-03-2025,Vikas,vikas63@gmail.com,9988475551,Pune,Maharashtra,Laptop,Electronics,3,499,0,Wallet,Cancelled,10-03-2025,1497,1497,299.4,March,2025,Sunday
ORD1135,28-06-2025,Neha,neha92@gmail.com,9614026109,Mumbai,Maharashtra,Shoes,Fashion,1,1999,20,NetBanking,Pending,01-07-2025,1999,1599.2,319.84,June,2025,Saturday
ORD1136,21-06-2025,Rahul,rahul44@gmail.com,9843123958,Pune,Maharashtra,Mouse,Electronics,3,9999,10,Card,Delivered,25-06-2025,29997,26997.3,5399.46,June,2025,Saturday
ORD1137,08-05-2025,Priya,priya19@gmail.com,9332427755,Delhi,Delhi,Mouse,Electronics,5,4999,10,Card,Pending,12-05-2025,24995,22495.5,4499.1,May,2025,Thursday
ORD1138,09-05-2025,Rahul,rahul11@gmail.com,9944201387,Lucknow,Up,Shoes,Fashion,5,4999,5,UPI,Delivered,18-05-2025,24995,23745.25,4749.05,May,2025,Friday
ORD1139,23-04-2025,Amit,amit5@gmail.com,9371222104,Bengaluru,Karnataka,Bottle,Home,3,2599,0,UPI,Cancelled,25-04-2025,7797,7797,1559.4,April,2025,Wednesday
ORD1140,05-05-2025,Neha,neha87@gmail.com,9450353595,Lucknow,Up,Laptop,Electronics,1,4999,10,NetBanking,Cancelled,12-05-2025,4999,4499.1,899.82,May,2025,Monday
ORD1141,12-05-2025,Amit,amit95@gmail.com,9184871973,Pune,Maharashtra,Chair,Furniture,5,9999,0,Wallet,Cancelled,21-05-2025,49995,49995,9999,May,2025,Monday
ORD1142,18-06-2025,Vikas,vikas38@gmail.com,9879878656,Mumbai,Maharashtra,Shoes,Fashion,5,1999,0,Card,Cancelled,21-06-2025,9995,9995,1999,June,2025,Wednesday
ORD1143,16-04-2025,Neha,neha16@gmail.com,9599207109,Bengaluru,Karnataka,Chair,Furniture,5,4999,0,COD,Returned,18-04-2025,24995,24995,4999,April,2025,Wednesday
ORD1144,16-03-2025,Vikas,vikas79@gmail.com,9571041137,Delhi,Delhi,Watch,Fashion,1,1499,0,Wallet,Returned,20-03-2025,1499,1499,299.8,March,2025,Sunday
ORD1145,27-04-2025,Rahul,rahul70@gmail.com,9503257666,Mumbai,Maharashtra,Bottle,Home,1,1499,0,COD,Pending,02-05-2025,1499,1499,299.8,April,2025,Sunday
,15-01-2025,Sneha,sneha17@gmail.com,9151754926,Lucknow,Up,Bottle,Home,5,4999,5,COD,Returned,21-01-2025,24995,23745.25,4749.05,January,2025,Wednesday
ORD1148,28-03-2025,Rahul,rahul11@gmail.com,9859241823,Mumbai,Maharashtra,Watch,Fashion,1,999,20,COD,Cancelled,05-04-2025,999,799.2,159.84,March,2025,Friday
ORD1149,01-04-2025,Priya,priya44@gmail.com,9690060173,Pune,Maharashtra,Shoes,Fashion,2,1999,0,NetBanking,Returned,10-04-2025,3998,3998,799.6,April,2025,Tuesday
ORD1150,15-05-2025,Rohit,rohit3@gmail.com,9783266736,Mumbai,Maharashtra,Shoes,Fashion,5,2599,10,UPI,Cancelled,15-05-2025,12995,11695.5,2339.1,May,2025,Thursday
ORD1151,14-02-2025,Amit,amit62@gmail.com,9779578645,Delhi,Delhi,Mouse,Electronics,1,2599,10,Wallet,Delivered,23-02-2025,2599,2339.1,467.82,February,2025,Friday
ORD1152,18-06-2025,Sneha,sneha20@gmail.com,9205144628,Jaipur,Rajasthan,Shoes,Fashion,2,4999,0,Wallet,Pending,20-06-2025,9998,9998,1999.6,June,2025,Wednesday
ORD1153,08-06-2025,Rohit,rohit92@gmail.com,9216677477,Bengaluru,Karnataka,Watch,Fashion,1,4999,0,Card,Returned,12-06-2025,4999,4999,999.8,June,2025,Sunday
ORD1154,24-04-2025,Priya,priya58@gmail.com,Unknown,Pune,Maharashtra,Shoes,Fashion,5,2599,0,NetBanking,Delivered,28-04-2025,12995,12995,2599,April,2025,Thursday
ORD1158,09-06-2025,Rohit,rohit77@gmail.com,9893447040,Lucknow,Up,Chair,Furniture,2,9999,20,Wallet,Delivered,13-06-2025,19998,15998.4,3199.68,June,2025,Monday
ORD1159,11-03-2025,Neha,neha72@gmail.com,9719104422,Bengaluru,Karnataka,Laptop,Electronics,3,2599,0,Wallet,Cancelled,14-03-2025,7797,7797,1559.4,March,2025,Tuesday
ORD1160,,Priya,priya27@gmail.com,9203667343,Mumbai,Maharashtra,Bottle,Home,2,9999,20,COD,Delivered,13-04-2025,19998,15998.4,3199.68,,,
ORD1161,30-06-2025,Priya,priya55@gmail.com,9835595944,Mumbai,Maharashtra,Chair,Furniture,4,1499,20,Wallet,Delivered,08-07-2025,5996,4796.8,959.36,June,2025,Monday
ORD1162,28-03-2025,Sneha,sneha8@gmail.com,9313737490,Delhi,Delhi,Watch,Fashion,1,2599,0,Card,Delivered,01-04-2025,2599,2599,519.8,March,2025,Friday
ORD1164,03-04-2025,Vikas,vikas56@gmail.com,9849315681,Lucknow,Up,Bottle,Home,5,2599,15,COD,Delivered,10-04-2025,12995,11045.75,2209.15,April,2025,Thursday
ORD1165,19-04-2025,Neha,neha28@gmail.com,9235161022,Mumbai,Maharashtra,Laptop,Electronics,2,499,0,UPI,Pending,29-04-2025,998,998,199.6,April,2025,Saturday
ORD1166,02-04-2025,Neha,neha3@gmail.com,9921574268,Delhi,Delhi,Chair,Furniture,5,1499,20,COD,Delivered,04-04-2025,7495,5996,1199.2,April,2025,Wednesday
ORD1167,25-05-2025,Sneha,sneha62@gmail.com,9501654641,Mumbai,Maharashtra,Mouse,Electronics,3,499,0,NetBanking,Delivered,27-05-2025,1497,1497,299.4,May,2025,Sunday
ORD1168,27-02-2025,Vikas,vikas27@gmail.com,9983080625,Lucknow,Up,Watch,Fashion,1,2599,15,NetBanking,Returned,05-03-2025,2599,2209.15,441.83,February,2025,Thursday
ORD1169,28-02-2025,Rahul,rahul11@gmail.com,9846751763,Delhi,Delhi,Watch,Fashion,3,999,15,COD,Cancelled,07-03-2025,2997,2547.45,509.49,February,2025,Friday
ORD1170,21-01-2025,Neha,neha82@gmail.com,9558798402,Jaipur,Rajasthan,Shoes,Fashion,5,1499,0,COD,Delivered,23-01-2025,7495,7495,1499,January,2025,Tuesday
ORD1172,26-02-2025,Neha,neha16@gmail.com,9521714786,Pune,Maharashtra,Mouse,Electronics,3,499,0,Wallet,Pending,04-03-2025,1497,1497,299.4,February,2025,Wednesday
ORD1173,26-04-2025,Rahul,rahul89@gmail.com,9999073839,Bengaluru,Karnataka,Watch,Fashion,1,4999,15,COD,Cancelled,30-04-2025,4999,4249.15,849.83,April,2025,Saturday
ORD1175,26-02-2025,Rahul,rahul22@gmail.com,9423004673,Delhi,Delhi,Watch,Fashion,1,1499,5,Wallet,Returned,26-02-2025,1499,1424.05,284.81,February,2025,Wednesday
ORD1176,03-06-2025,Neha,neha19@gmail.com,Unknown,Mumbai,Maharashtra,Mouse,Electronics,3,4999,10,Wallet,Pending,08-06-2025,14997,13497.3,2699.46,June,2025,Tuesday
ORD1177,07-04-2025,Priya,priya13@gmail.com,9461242197,Jaipur,Rajasthan,Shoes,Fashion,4,,20,COD,Returned,17-04-2025,,,,April,2025,Monday
ORD1178,26-04-2025,Rohit,rohit52@gmail.com,9667967484,Lucknow,Up,Watch,Fashion,3,999,10,UPI,Cancelled,06-05-2025,2997,2697.3,539.46,April,2025,Saturday
ORD1179,19-05-2025,Amit,amit49@gmail.com,9617911882,Mumbai,Maharashtra,Watch,Fashion,4,4999,0,Card,Cancelled,25-05-2025,19996,19996,3999.2,May,2025,Monday
ORD1181,19-03-2025,Amit,amit5@gmail.com,9421136377,Delhi,Delhi,Laptop,Electronics,3,1499,15,COD,Cancelled,25-03-2025,4497,3822.45,764.49,March,2025,Wednesday
ORD1182,25-06-2025,Rahul,rahul46@gmail.com,9993898089,Bengaluru,Karnataka,Bottle,Home,5,499,20,NetBanking,Returned,05-07-2025,2495,1996,399.2,June,2025,Wednesday
ORD1183,12-04-2025,Amit,amit77@gmail.com,9241602288,Delhi,Delhi,Bottle,Home,4,9999,20,NetBanking,Cancelled,18-04-2025,39996,31996.8,6399.36,April,2025,Saturday
ORD1185,14-02-2025,Rahul,rahul56@gmail.com,9870048875,Delhi,Delhi,Watch,Fashion,1,999,0,NetBanking,Cancelled,18-02-2025,999,999,199.8,February,2025,Friday
ORD1187,06-06-2025,Rahul,rahul91@gmail.com,9299209389,Delhi,Delhi,Mouse,Electronics,5,2599,0,Card,Returned,13-06-2025,12995,12995,2599,June,2025,Friday
ORD1189,30-04-2025,Neha,neha84@gmail.com,9104440852,Pune,Maharashtra,Shoes,Fashion,2,499,0,UPI,Pending,07-05-2025,998,998,199.6,April,2025,Wednesday
ORD1190,27-06-2025,Rohit,rohit72@gmail.com,9828064790,Bengaluru,Karnataka,Laptop,Electronics,3,1499,0,NetBanking,Delivered,30-06-2025,4497,4497,899.4,June,2025,Friday
ORD1191,10-05-2025,Sneha,sneha85@gmail.com,9260651088,Bengaluru,Karnataka,Bottle,Home,3,,20,Wallet,Delivered,17-05-2025,,,,May,2025,Saturday
ORD1192,10-04-2025,Sneha,sneha47@gmail.com,9346739926,Lucknow,Up,Chair,Furniture,2,1499,0,UPI,Returned,20-04-2025,2998,2998,599.6,April,2025,Thursday
ORD1193,24-02-2025,Rahul,rahul83@gmail.com,9914184322,Pune,Maharashtra,Bottle,Home,3,499,0,Wallet,Returned,01-03-2025,1497,1497,299.4,February,2025,Monday
ORD1194,17-05-2025,Neha,neha48@gmail.com,9251581328,Bengaluru,Karnataka,Laptop,Electronics,5,1499,0,Card,Delivered,27-05-2025,7495,7495,1499,May,2025,Saturday
ORD1195,26-06-2025,Rahul,rahul97@gmail.com,9670476961,Pune,Maharashtra,Shoes,Fashion,2,9999,20,COD,Delivered,01-07-2025,19998,15998.4,3199.68,June,2025,Thursday
ORD1196,19-05-2025,Rohit,rohit36@gmail.com,9343829003,Lucknow,Up,Laptop,Electronics,4,9999,20,COD,Delivered,26-05-2025,39996,31996.8,6399.36,May,2025,Monday
ORD1197,31-03-2025,Rahul,rahul76@gmail.com,9977813525,Mumbai,Maharashtra,Watch,Fashion,5,499,0,COD,Delivered,07-04-2025,2495,2495,499,March,2025,Monday
ORD1200,,Rohit,rohit8@gmail.com,9900633970,Jaipur,Rajasthan,Mouse,Electronics,4,1499,5,Wallet,Pending,,5996,5696.2,1139.24,,,
ORD1201,24-01-2025,Rohit,rohit31@gmail.com,9117012775,Bengaluru,Karnataka,Shoes,Fashion,2,1999,0,UPI,Delivered,29-01-2025,3998,3998,799.6,January,2025,Friday
ORD1202,16-05-2025,Rohit,rohit29@gmail.com,9297341581,Bengaluru,Karnataka,Chair,Furniture,5,9999,0,Wallet,Delivered,21-05-2025,49995,49995,9999,May,2025,Friday
ORD1203,29-04-2025,Vikas,vikas36@gmail.com,9900923665,Bengaluru,Karnataka,Bottle,Home,4,2599,20,UPI,Cancelled,07-05-2025,10396,8316.8,1663.36,April,2025,Tuesday
ORD1204,27-04-2025,Amit,amit28@gmail.com,9221581146,Lucknow,Up,Chair,Furniture,2,2599,0,NetBanking,Pending,02-05-2025,5198,5198,1039.6,April,2025,Sunday
ORD1206,17-03-2025,Vikas,vikas95@gmail.com,9428593006,Bengaluru,Karnataka,Chair,Furniture,2,9999,0,UPI,Cancelled,22-03-2025,19998,19998,3999.6,March,2025,Monday
ORD1207,14-03-2025,Neha,neha51@gmail.com,9327323248,Delhi,Delhi,Laptop,Electronics,2,4999,20,UPI,Delivered,19-03-2025,9998,7998.4,1599.68,March,2025,Friday
ORD1212,14-01-2025,Rohit,rohit67@gmail.com,9919764359,Pune,Maharashtra,Laptop,Electronics,5,1999,20,NetBanking,Delivered,23-01-2025,9995,7996,1599.2,January,2025,Tuesday
ORD1213,24-03-2025,Vikas,vikas32@gmail.com,9725923904,Mumbai,Maharashtra,Mouse,Electronics,5,1499,0,UPI,Cancelled,03-04-2025,7495,7495,1499,March,2025,Monday
ORD1214,22-01-2025,Neha,neha23@gmail.com,9763321213,Lucknow,Up,Shoes,Fashion,5,,0,NetBanking,Pending,01-02-2025,,,,January,2025,Wednesday
ORD1215,11-04-2025,Vikas,vikas57@gmail.com,9116763158,Jaipur,Rajasthan,Mouse,Electronics,5,9999,0,Wallet,Returned,18-04-2025,49995,49995,9999,April,2025,Friday
ORD1218,21-05-2025,Amit,amit29@gmail.com,9171906382,Lucknow,Up,Bottle,Home,2,1499,20,UPI,Returned,23-05-2025,2998,2398.4,479.68,May,2025,Wednesday
,26-01-2025,Rahul,rahul38@gmail.com,9240228562,Mumbai,Maharashtra,Mouse,Electronics,5,499,10,UPI,Pending,28-01-2025,2495,2245.5,449.1,January,2025,Sunday
ORD1220,04-04-2025,Rohit,rohit96@gmail.com,Unknown,Bengaluru,Karnataka,Watch,Fashion,1,9999,10,COD,Returned,08-04-2025,9999,8999.1,1799.82,April,2025,Friday
ORD1221,02-02-2025,Vikas,vikas94@gmail.com,9250810488,Lucknow,Up,Bottle,Home,5,999,15,NetBanking,Returned,08-02-2025,4995,4245.75,849.15,February,2025,Sunday
ORD1222,27-05-2025,Sneha,sneha39@gmail.com,9835766723,Lucknow,Up,Watch,Fashion,3,4999,15,Wallet,Returned,29-05-2025,14997,12747.45,2549.49,May,2025,Tuesday
ORD1223,01-05-2025,Vikas,vikas81@gmail.com,9706847038,Pune,Maharashtra,Watch,Fashion,5,4999,10,COD,Cancelled,10-05-2025,24995,22495.5,4499.1,May,2025,Thursday
ORD1224,15-03-2025,Rahul,rahul61@gmail.com,9378954231,Mumbai,Maharashtra,Mouse,Electronics,2,4999,0,COD,Returned,20-03-2025,9998,9998,1999.6,March,2025,Saturday
ORD1226,16-01-2025,Rohit,rohit61@gmail.com,9334158867,Mumbai,Maharashtra,Watch,Fashion,5,499,20,UPI,Cancelled,19-01-2025,2495,1996,399.2,January,2025,Thursday
ORD1227,15-01-2025,Rohit,rohit73@gmail.com,9753446036,Lucknow,Up,Bottle,Home,2,499,10,NetBanking,Returned,22-01-2025,998,898.2,179.64,January,2025,Wednesday
ORD1228,06-03-2025,Priya,priya72@gmail.com,9286654600,Bengaluru,Karnataka,Shoes,Fashion,2,499,15,Wallet,Pending,12-03-2025,998,848.3,169.66,March,2025,Thursday
ORD1229,06-06-2025,Rohit,rohit55@gmail.com,9202480572,Jaipur,Rajasthan,Bottle,Home,5,499,10,Wallet,Returned,10-06-2025,2495,2245.5,449.1,June,2025,Friday
ORD1230,23-01-2025,Priya,priya62@gmail.com,9703144165,Delhi,Delhi,Shoes,Fashion,3,4999,0,NetBanking,Delivered,02-02-2025,14997,14997,2999.4,January,2025,Thursday
ORD1231,07-05-2025,Neha,neha57@gmail.com,9311923454,Lucknow,Up,Bottle,Home,2,499,0,UPI,Delivered,10-05-2025,998,998,199.6,May,2025,Wednesday
ORD1233,23-04-2025,Amit,amit78@gmail.com,9170597569,Delhi,Delhi,Bottle,Home,4,999,20,NetBanking,Pending,30-04-2025,3996,3196.8,639.36,April,2025,Wednesday
ORD1234,20-02-2025,Rahul,rahul71@gmail.com,9252370625,Mumbai,Maharashtra,Mouse,Electronics,4,2599,20,COD,Delivered,27-02-2025,10396,8316.8,1663.36,February,2025,Thursday
ORD1235,10-06-2025,Rohit,rohit82@gmail.com,9786681008,Mumbai,Maharashtra,Laptop,Electronics,5,9999,0,Wallet,Returned,18-06-2025,49995,49995,9999,June,2025,Tuesday
ORD1236,30-03-2025,Sneha,sneha52@gmail.com,9467598211,Pune,Maharashtra,Shoes,Fashion,5,4999,20,UPI,Returned,08-04-2025,24995,19996,3999.2,March,2025,Sunday
ORD1237,08-02-2025,Sneha,sneha64@gmail.com,9609840956,Delhi,Delhi,Mouse,Electronics,5,2599,10,NetBanking,Pending,12-02-2025,12995,11695.5,2339.1,February,2025,Saturday
ORD1238,13-02-2025,Sneha,sneha20@gmail.com,9215923777,Jaipur,Rajasthan,Chair,Furniture,3,2599,20,Wallet,Returned,22-02-2025,7797,6237.6,1247.52,February,2025,Thursday
ORD1239,02-02-2025,Amit,amit99@gmail.com,9298132383,Delhi,Delhi,Mouse,Electronics,4,4999,20,COD,Delivered,09-02-2025,19996,15996.8,3199.36,February,2025,Sunday
ORD1240,,Rahul,rahul41@gmail.com,9473396808,Pune,Maharashtra,Laptop,Electronics,1,1999,10,Wallet,Pending,22-03-2025,1999,1799.1,359.82,,,
ORD1241,13-04-2025,Rahul,rahul74@gmail.com,9266228954,Delhi,Delhi,Chair,Furniture,5,1499,0,COD,Cancelled,15-04-2025,7495,7495,1499,April,2025,Sunday
ORD1242,18-06-2025,Priya,priya44@gmail.com,Unknown,Bengaluru,Karnataka,Chair,Furniture,4,9999,20,NetBanking,Returned,22-06-2025,39996,31996.8,6399.36,June,2025,Wednesday
ORD1243,20-01-2025,Neha,neha72@gmail.com,9384057702,Lucknow,Up,Chair,Furniture,5,999,0,Wallet,Cancelled,24-01-2025,4995,4995,999,January,2025,Monday
ORD1244,19-01-2025,Amit,amit54@gmail.com,9855809712,Mumbai,Maharashtra,Shoes,Fashion,5,499,10,Card,Pending,23-01-2025,2495,2245.5,449.1,January,2025,Sunday
ORD1245,20-04-2025,Rahul,rahul89@gmail.com,9549999839,Delhi,Delhi,Chair,Furniture,5,1499,10,COD,Pending,29-04-2025,7495,6745.5,1349.1,April,2025,Sunday
ORD1246,18-06-2025,Sneha,sneha96@gmail.com,9947789147,Mumbai,Maharashtra,Watch,Fashion,4,,0,UPI,Returned,25-06-2025,,,,June,2025,Wednesday
ORD1247,28-06-2025,Amit,amit15@gmail.com,9343013197,Delhi,Delhi,Chair,Furniture,5,1999,5,Card,Delivered,01-07-2025,9995,9495.25,1899.05,June,2025,Saturday
ORD1249,17-04-2025,Vikas,vikas45@gmail.com,9491984023,Mumbai,Maharashtra,Mouse,Electronics,5,499,0,COD,Cancelled,19-04-2025,2495,2495,499,April,2025,Thursday
ORD1251,26-06-2025,Neha,neha24@gmail.com,9849220357,Mumbai,Maharashtra,Watch,Fashion,3,1999,20,Wallet,Cancelled,05-07-2025,5997,4797.6,959.52,June,2025,Thursday
ORD1253,27-03-2025,Priya,priya3@gmail.com,9739892616,Pune,Maharashtra,Laptop,Electronics,5,1999,0,NetBanking,Cancelled,01-04-2025,9995,9995,1999,March,2025,Thursday
ORD1256,02-01-2025,Rahul,rahul71@gmail.com,9808851312,Mumbai,Maharashtra,Laptop,Electronics,2,499,15,COD,Pending,07-01-2025,998,848.3,169.66,January,2025,Thursday
ORD1258,13-02-2025,Neha,neha55@gmail.com,9196604908,Lucknow,Up,Shoes,Fashion,2,4999,15,NetBanking,Delivered,21-02-2025,9998,8498.3,1699.66,February,2025,Thursday
ORD1259,21-03-2025,Rahul,rahul55@gmail.com,9414758374,Delhi,Delhi,Mouse,Electronics,5,999,0,Wallet,Returned,23-03-2025,4995,4995,999,March,2025,Friday
ORD1262,29-06-2025,Sneha,sneha24@gmail.com,9282445351,Pune,Maharashtra,Bottle,Home,5,499,10,Card,Returned,07-07-2025,2495,2245.5,449.1,June,2025,Sunday
ORD1263,23-05-2025,Amit,amit89@gmail.com,9432372075,Mumbai,Maharashtra,Laptop,Electronics,3,1999,10,Wallet,Returned,31-05-2025,5997,5397.3,1079.46,May,2025,Friday
ORD1266,12-04-2025,Sneha,sneha10@gmail.com,9408316749,Mumbai,Maharashtra,Shoes,Fashion,3,499,15,COD,Delivered,16-04-2025,1497,1272.45,254.49,April,2025,Saturday
ORD1267,09-01-2025,Neha,neha54@gmail.com,9588418445,Mumbai,Maharashtra,Mouse,Electronics,4,499,10,Wallet,Cancelled,17-01-2025,1996,1796.4,359.28,January,2025,Thursday
ORD1268,12-02-2025,Neha,neha99@gmail.com,9434349945,Jaipur,Rajasthan,Watch,Fashion,3,9999,20,UPI,Pending,18-02-2025,29997,23997.6,4799.52,February,2025,Wednesday
ORD1271,12-06-2025,Rohit,rohit72@gmail.com,9387139728,Pune,Maharashtra,Shoes,Fashion,5,2599,0,UPI,Returned,17-06-2025,12995,12995,2599,June,2025,Thursday
ORD1273,19-05-2025,Vikas,vikas29@gmail.com,9933581073,Bengaluru,Karnataka,Bottle,Home,5,999,15,NetBanking,Pending,28-05-2025,4995,4245.75,849.15,May,2025,Monday
ORD1275,15-03-2025,Priya,priya71@gmail.com,9884785474,Pune,Maharashtra,Shoes,Fashion,1,1999,0,COD,Returned,15-03-2025,1999,1999,399.8,March,2025,Saturday
ORD1276,22-01-2025,Rahul,rahul20@gmail.com,9738093025,Mumbai,Maharashtra,Shoes,Fashion,1,1999,5,Wallet,Cancelled,28-01-2025,1999,1899.05,379.81,January,2025,Wednesday
ORD1277,21-03-2025,Sneha,sneha4@gmail.com,9514685895,Bengaluru,Karnataka,Chair,Furniture,2,2599,15,COD,Returned,29-03-2025,5198,4418.3,883.66,March,2025,Friday
ORD1278,31-05-2025,Amit,amit21@gmail.com,9142819354,Pune,Maharashtra,Watch,Fashion,2,4999,0,UPI,Delivered,04-06-2025,9998,9998,1999.6,May,2025,Saturday
ORD1280,,Rahul,rahul74@gmail.com,9352557106,Pune,Maharashtra,Laptop,Electronics,4,1999,10,Card,Delivered,27-04-2025,7996,7196.4,1439.28,,,
ORD1283,26-04-2025,Vikas,vikas32@gmail.com,9297674020,Jaipur,Rajasthan,Laptop,Electronics,5,1499,20,COD,Returned,06-05-2025,7495,5996,1199.2,April,2025,Saturday
ORD1285,13-05-2025,Rahul,rahul62@gmail.com,9780966201,Lucknow,Up,Watch,Fashion,1,1999,0,UPI,Cancelled,18-05-2025,1999,1999,399.8,May,2025,Tuesday
ORD1286,03-04-2025,Sneha,sneha18@gmail.com,Unknown,Mumbai,Maharashtra,Shoes,Fashion,5,999,0,Card,Delivered,06-04-2025,4995,4995,999,April,2025,Thursday
ORD1288,25-03-2025,Priya,priya37@gmail.com,9149442884,Bengaluru,Karnataka,Laptop,Electronics,1,4999,0,Wallet,Cancelled,03-04-2025,4999,4999,999.8,March,2025,Tuesday
ORD1289,31-03-2025,Vikas,vikas42@gmail.com,9651366276,Jaipur,Rajasthan,Watch,Fashion,5,999,0,COD,Delivered,03-04-2025,4995,4995,999,March,2025,Monday
ORD1291,26-03-2025,Amit,amit94@gmail.com,9934522676,Delhi,Delhi,Bottle,Home,2,999,0,Card,Pending,29-03-2025,1998,1998,399.6,March,2025,Wednesday
,24-06-2025,Rahul,rahul60@gmail.com,9250231514,Pune,Maharashtra,Laptop,Electronics,2,1499,0,COD,Pending,27-06-2025,2998,2998,599.6,June,2025,Tuesday
ORD1293,14-03-2025,Rahul,rahul10@gmail.com,9168263225,Bengaluru,Karnataka,Laptop,Electronics,3,,0,UPI,Returned,23-03-2025,,,,March,2025,Friday
ORD1296,25-06-2025,Sneha,sneha88@gmail.com,9807038611,Pune,Maharashtra,Laptop,Electronics,5,,0,Wallet,Pending,27-06-2025,,,,June,2025,Wednesday
ORD1297,18-06-2025,Sneha,sneha36@gmail.com,9321478481,Bengaluru,Karnataka,Shoes,Fashion,3,9999,15,Wallet,Pending,21-06-2025,29997,25497.45,5099.49,June,2025,Wednesday
ORD1299,12-05-2025,Rohit,rohit84@gmail.com,9519363731,Mumbai,Maharashtra,Shoes,Fashion,5,1999,0,UPI,Returned,18-05-2025,9995,9995,1999,May,2025,Monday
ORD1300,25-02-2025,Amit,amit19@gmail.com,9222483704,Jaipur,Rajasthan,Bottle,Home,1,499,5,NetBanking,Delivered,25-02-2025,499,474.05,94.81,February,2025,Tuesday
ORD1302,20-05-2025,Amit,amit79@gmail.com,9239911474,Bengaluru,Karnataka,Watch,Fashion,2,4999,0,COD,Returned,30-05-2025,9998,9998,1999.6,May,2025,Tuesday
ORD1303,20-06-2025,Rahul,rahul6@gmail.com,9432269451,Jaipur,Rajasthan,Shoes,Fashion,3,,15,Wallet,Delivered,25-06-2025,,,,June,2025,Friday
ORD1305,09-02-2025,Vikas,vikas86@gmail.com,9523265367,Bengaluru,Karnataka,Chair,Furniture,4,1999,0,COD,Delivered,12-02-2025,7996,7996,1599.2,February,2025,Sunday
ORD1306,05-01-2025,Sneha,sneha87@gmail.com,9217558569,Mumbai,Maharashtra,Mouse,Electronics,1,999,0,Wallet,Delivered,12-01-2025,999,999,199.8,January,2025,Sunday
ORD1307,19-02-2025,Amit,amit22@gmail.com,9261952088,Bengaluru,Karnataka,Laptop,Electronics,5,9999,0,NetBanking,Delivered,26-02-2025,49995,49995,9999,February,2025,Wednesday
ORD1308,09-02-2025,Rahul,rahul41@gmail.com,Unknown,Delhi,Delhi,Chair,Furniture,2,1499,5,COD,Pending,12-02-2025,2998,2848.1,569.62,February,2025,Sunday
ORD1309,08-04-2025,Sneha,sneha88@gmail.com,9392114679,Jaipur,Rajasthan,Shoes,Fashion,2,1999,20,COD,Cancelled,18-04-2025,3998,3198.4,639.68,April,2025,Tuesday
ORD1311,23-06-2025,Sneha,sneha18@gmail.com,9199150123,Jaipur,Rajasthan,Bottle,Home,4,1999,15,Wallet,Pending,02-07-2025,7996,6796.6,1359.32,June,2025,Monday
ORD1312,03-02-2025,Amit,amit19@gmail.com,9113360501,Pune,Maharashtra,Laptop,Electronics,5,9999,5,COD,Cancelled,08-02-2025,49995,47495.25,9499.05,February,2025,Monday
ORD1313,12-03-2025,Vikas,vikas2@gmail.com,9296775424,Lucknow,Up,Bottle,Home,2,499,10,Wallet,Returned,18-03-2025,998,898.2,179.64,March,2025,Wednesday
ORD1314,14-01-2025,Vikas,vikas8@gmail.com,9612657813,Pune,Maharashtra,Chair,Furniture,5,4999,5,COD,Delivered,17-01-2025,24995,23745.25,4749.05,January,2025,Tuesday
ORD1315,04-06-2025,Rohit,rohit38@gmail.com,9122667888,Lucknow,Up,Laptop,Electronics,4,499,0,NetBanking,Delivered,11-06-2025,1996,1996,399.2,June,2025,Wednesday
ORD1316,14-02-2025,Amit,amit95@gmail.com,9399340561,Jaipur,Rajasthan,Bottle,Home,3,,15,UPI,Delivered,22-02-2025,,,,February,2025,Friday
ORD1317,11-02-2025,Sneha,sneha63@gmail.com,9849913603,Jaipur,Rajasthan,Shoes,Fashion,4,,0,NetBanking,Delivered,20-02-2025,,,,February,2025,Tuesday
ORD1318,21-02-2025,Rahul,rahul73@gmail.com,9771789560,Bengaluru,Karnataka,Bottle,Home,2,499,10,NetBanking,Cancelled,25-02-2025,998,898.2,179.64,February,2025,Friday
ORD1319,10-06-2025,Rahul,rahul7@gmail.com,9894093725,Mumbai,Maharashtra,Mouse,Electronics,5,,0,COD,Cancelled,12-06-2025,,,,June,2025,Tuesday
ORD1320,,Rahul,rahul4@gmail.com,9574814751,Pune,Maharashtra,Laptop,Electronics,1,4999,10,NetBanking,Cancelled,20-06-2025,4999,4499.1,899.82,,,
ORD1321,18-06-2025,Vikas,vikas53@gmail.com,9910821614,Mumbai,Maharashtra,Bottle,Home,3,999,20,NetBanking,Returned,22-06-2025,2997,2397.6,479.52,June,2025,Wednesday
ORD1322,16-04-2025,Vikas,vikas30@gmail.com,9997851784,Pune,Maharashtra,Mouse,Electronics,5,4999,5,Card,Returned,21-04-2025,24995,23745.25,4749.05,April,2025,Wednesday
ORD1323,04-01-2025,Priya,priya11@gmail.com,9838548948,Jaipur,Rajasthan,Shoes,Fashion,2,9999,5,COD,Pending,11-01-2025,19998,18998.1,3799.62,January,2025,Saturday
ORD1324,31-05-2025,Rohit,rohit58@gmail.com,9113037103,Pune,Maharashtra,Laptop,Electronics,5,4999,10,NetBanking,Pending,05-06-2025,24995,22495.5,4499.1,May,2025,Saturday
ORD1325,29-05-2025,Amit,amit47@gmail.com,9397896952,Pune,Maharashtra,Mouse,Electronics,2,2599,0,Card,Pending,29-05-2025,5198,5198,1039.6,May,2025,Thursday
ORD1327,23-06-2025,Amit,amit42@gmail.com,9292419662,Delhi,Delhi,Laptop,Electronics,2,1999,10,Wallet,Pending,01-07-2025,3998,3598.2,719.64,June,2025,Monday
ORD1328,15-05-2025,Amit,amit64@gmail.com,9310217232,Mumbai,Maharashtra,Chair,Furniture,3,1999,0,NetBanking,Returned,21-05-2025,5997,5997,1199.4,May,2025,Thursday
ORD1329,09-05-2025,Rahul,rahul90@gmail.com,9706293416,Delhi,Delhi,Bottle,Home,5,4999,20,NetBanking,Returned,17-05-2025,24995,19996,3999.2,May,2025,Friday
ORD1330,06-06-2025,Vikas,vikas41@gmail.com,Unknown,Lucknow,Up,Mouse,Electronics,3,9999,0,UPI,Pending,10-06-2025,29997,29997,5999.4,June,2025,Friday
ORD1331,23-06-2025,Sneha,sneha20@gmail.com,9561744309,Pune,Maharashtra,Mouse,Electronics,5,4999,0,COD,Delivered,27-06-2025,24995,24995,4999,June,2025,Monday
ORD1332,20-02-2025,Rohit,rohit35@gmail.com,9532206110,Bengaluru,Karnataka,Shoes,Fashion,3,,10,NetBanking,Cancelled,23-02-2025,,,,February,2025,Thursday
ORD1333,02-05-2025,Sneha,sneha67@gmail.com,9324547716,Bengaluru,Karnataka,Laptop,Electronics,4,4999,15,Wallet,Delivered,11-05-2025,19996,16996.6,3399.32,May,2025,Friday
ORD1334,27-02-2025,Rahul,rahul98@gmail.com,9151907626,Pune,Maharashtra,Bottle,Home,3,1999,0,Card,Returned,08-03-2025,5997,5997,1199.4,February,2025,Thursday
ORD1335,08-04-2025,Rohit,rohit34@gmail.com,9113457890,Lucknow,Up,Chair,Furniture,3,2599,0,Card,Pending,17-04-2025,7797,7797,1559.4,April,2025,Tuesday
ORD1337,04-02-2025,Rahul,rahul58@gmail.com,9753076727,Jaipur,Rajasthan,Laptop,Electronics,4,999,0,NetBanking,Cancelled,13-02-2025,3996,3996,799.2,February,2025,Tuesday
ORD1338,13-06-2025,Neha,neha99@gmail.com,9429636320,Lucknow,Up,Laptop,Electronics,5,4999,0,Wallet,Pending,16-06-2025,24995,24995,4999,June,2025,Friday
ORD1339,23-02-2025,Rahul,rahul24@gmail.com,9301753805,Lucknow,Up,Watch,Fashion,3,499,0,COD,Delivered,27-02-2025,1497,1497,299.4,February,2025,Sunday
ORD1340,27-03-2025,Rohit,rohit84@gmail.com,9258772494,Mumbai,Maharashtra,Shoes,Fashion,4,1499,0,Card,Delivered,06-04-2025,5996,5996,1199.2,March,2025,Thursday
ORD1342,24-06-2025,Rahul,rahul19@gmail.com,9869257406,Pune,Maharashtra,Chair,Furniture,5,,10,Wallet,Delivered,27-06-2025,,,,June,2025,Tuesday
ORD1343,23-02-2025,Rahul,rahul12@gmail.com,9783047502,Jaipur,Rajasthan,Laptop,Electronics,4,2599,0,NetBanking,Returned,27-02-2025,10396,10396,2079.2,February,2025,Sunday
ORD1345,05-06-2025,Sneha,sneha27@gmail.com,9536056189,Delhi,Delhi,Mouse,Electronics,1,499,20,NetBanking,Returned,15-06-2025,499,399.2,79.84,June,2025,Thursday
ORD1346,07-05-2025,Vikas,vikas51@gmail.com,9654467591,Lucknow,Up,Chair,Furniture,2,9999,0,UPI,Pending,14-05-2025,19998,19998,3999.6,May,2025,Wednesday
ORD1347,29-03-2025,Sneha,sneha3@gmail.com,9348019295,Mumbai,Maharashtra,Shoes,Fashion,1,499,0,UPI,Pending,31-03-2025,499,499,99.8,March,2025,Saturday
ORD1348,07-05-2025,Rahul,rahul68@gmail.com,9857040338,Mumbai,Maharashtra,Mouse,Electronics,2,499,5,COD,Delivered,09-05-2025,998,948.1,189.62,May,2025,Wednesday
ORD1349,21-03-2025,Amit,amit68@gmail.com,9794705508,Pune,Maharashtra,Bottle,Home,5,999,20,UPI,Delivered,23-03-2025,4995,3996,799.2,March,2025,Friday
ORD1350,10-04-2025,Rohit,rohit72@gmail.com,9665886128,Bengaluru,Karnataka,Laptop,Electronics,5,9999,5,Card,Returned,10-04-2025,49995,47495.25,9499.05,April,2025,Thursday
ORD1351,26-06-2025,Priya,priya80@gmail.com,9924669279,Jaipur,Rajasthan,Shoes,Fashion,5,1999,5,Wallet,Returned,29-06-2025,9995,9495.25,1899.05,June,2025,Thursday
ORD1352,23-04-2025,Vikas,vikas87@gmail.com,Unknown,Delhi,Delhi,Chair,Furniture,3,4999,0,UPI,Delivered,26-04-2025,14997,14997,2999.4,April,2025,Wednesday
ORD1354,03-04-2025,Rahul,rahul12@gmail.com,9783505215,Mumbai,Maharashtra,Mouse,Electronics,1,499,0,Wallet,Returned,07-04-2025,499,499,99.8,April,2025,Thursday
ORD1355,10-03-2025,Sneha,sneha18@gmail.com,9117422351,Mumbai,Maharashtra,Watch,Fashion,4,999,15,Wallet,Pending,20-03-2025,3996,3396.6,679.32,March,2025,Monday
ORD1356,03-06-2025,Vikas,vikas64@gmail.com,9191378164,Bengaluru,Karnataka,Laptop,Electronics,4,2599,0,NetBanking,Returned,13-06-2025,10396,10396,2079.2,June,2025,Tuesday
ORD1357,06-04-2025,Neha,neha91@gmail.com,9732569957,Bengaluru,Karnataka,Mouse,Electronics,5,2599,10,COD,Delivered,13-04-2025,12995,11695.5,2339.1,April,2025,Sunday
ORD1358,15-01-2025,Vikas,vikas80@gmail.com,9139900666,Pune,Maharashtra,Bottle,Home,4,9999,0,UPI,Delivered,24-01-2025,39996,39996,7999.2,January,2025,Wednesday
ORD1359,03-06-2025,Priya,priya71@gmail.com,9848437643,Bengaluru,Karnataka,Shoes,Fashion,5,1499,20,Wallet,Cancelled,09-06-2025,7495,5996,1199.2,June,2025,Tuesday
ORD1360,,Vikas,vikas94@gmail.com,9394841989,Lucknow,Up,Bottle,Home,1,1999,0,COD,Pending,24-02-2025,1999,1999,399.8,,,
ORD1361,30-01-2025,Amit,amit73@gmail.com,9645486322,Lucknow,Up,Mouse,Electronics,3,1999,0,NetBanking,Pending,09-02-2025,5997,5997,1199.4,January,2025,Thursday
ORD1362,13-05-2025,Priya,priya84@gmail.com,9419451949,Pune,Maharashtra,Bottle,Home,3,9999,20,UPI,Delivered,23-05-2025,29997,23997.6,4799.52,May,2025,Tuesday
ORD1364,12-05-2025,Rahul,rahul80@gmail.com,9356805063,Bengaluru,Karnataka,Mouse,Electronics,5,499,15,COD,Cancelled,19-05-2025,2495,2120.75,424.15,May,2025,Monday
,23-06-2025,Sneha,sneha38@gmail.com,9546087489,Pune,Maharashtra,Shoes,Fashion,5,9999,0,Wallet,Returned,28-06-2025,49995,49995,9999,June,2025,Monday
ORD1369,14-06-2025,Sneha,sneha15@gmail.com,9836165631,Pune,Maharashtra,Shoes,Fashion,5,1499,0,Card,Returned,24-06-2025,7495,7495,1499,June,2025,Saturday
ORD1370,17-05-2025,Rahul,rahul24@gmail.com,9244713912,Bengaluru,Karnataka,Bottle,Home,5,4999,15,Wallet,Pending,22-05-2025,24995,21245.75,4249.15,May,2025,Saturday
ORD1371,04-01-2025,Sneha,sneha55@gmail.com,9125679072,Jaipur,Rajasthan,Chair,Furniture,2,1999,0,Wallet,Delivered,14-01-2025,3998,3998,799.6,January,2025,Saturday
ORD1373,12-05-2025,Neha,neha77@gmail.com,9898877941,Pune,Maharashtra,Bottle,Home,4,4999,0,Wallet,Returned,16-05-2025,19996,19996,3999.2,May,2025,Monday
ORD1375,04-04-2025,Rahul,rahul19@gmail.com,9691259107,Mumbai,Maharashtra,Bottle,Home,1,2599,0,UPI,Delivered,04-04-2025,2599,2599,519.8,April,2025,Friday
ORD1376,01-06-2025,Sneha,sneha34@gmail.com,9409847018,Lucknow,Up,Mouse,Electronics,4,999,0,COD,Delivered,11-06-2025,3996,3996,799.2,June,2025,Sunday
ORD1378,22-06-2025,Vikas,vikas70@gmail.com,9986148293,Mumbai,Maharashtra,Shoes,Fashion,4,1499,15,COD,Cancelled,24-06-2025,5996,5096.6,1019.32,June,2025,Sunday
ORD1379,19-01-2025,Amit,amit6@gmail.com,9793867955,Bengaluru,Karnataka,Watch,Fashion,5,,5,NetBanking,Pending,25-01-2025,,,,January,2025,Sunday
ORD1380,23-02-2025,Rahul,rahul45@gmail.com,9536788264,Mumbai,Maharashtra,Laptop,Electronics,4,9999,0,NetBanking,Returned,03-03-2025,39996,39996,7999.2,February,2025,Sunday
ORD1381,06-02-2025,Neha,neha93@gmail.com,9427460011,Bengaluru,Karnataka,Shoes,Fashion,5,2599,20,Card,Pending,10-02-2025,12995,10396,2079.2,February,2025,Thursday
ORD1382,25-01-2025,Rahul,rahul41@gmail.com,9829324614,Mumbai,Maharashtra,Chair,Furniture,1,1499,20,Wallet,Pending,04-02-2025,1499,1199.2,239.84,January,2025,Saturday
ORD1383,31-01-2025,Sneha,sneha4@gmail.com,9544514226,Pune,Maharashtra,Shoes,Fashion,2,,20,NetBanking,Cancelled,06-02-2025,,,,January,2025,Friday
ORD1385,25-01-2025,Sneha,sneha67@gmail.com,9237413851,Pune,Maharashtra,Watch,Fashion,3,2599,10,UPI,Returned,28-01-2025,7797,7017.3,1403.46,January,2025,Saturday
ORD1387,23-01-2025,Sneha,sneha95@gmail.com,9193279554,Mumbai,Maharashtra,Watch,Fashion,4,9999,15,UPI,Delivered,30-01-2025,39996,33996.6,6799.32,January,2025,Thursday
ORD1390,02-03-2025,Sneha,sneha78@gmail.com,9322453651,Delhi,Delhi,Laptop,Electronics,3,,15,NetBanking,Delivered,11-03-2025,,,,March,2025,Sunday
ORD1391,20-05-2025,Neha,neha45@gmail.com,9753301285,Bengaluru,Karnataka,Bottle,Home,5,999,20,Card,Returned,30-05-2025,4995,3996,799.2,May,2025,Tuesday
ORD1392,20-06-2025,Vikas,vikas1@gmail.com,9619221858,Bengaluru,Karnataka,Chair,Furniture,1,9999,0,COD,Cancelled,27-06-2025,9999,9999,1999.8,June,2025,Friday
ORD1395,29-06-2025,Neha,neha45@gmail.com,9291811387,Lucknow,Up,Chair,Furniture,1,499,5,COD,Pending,07-07-2025,499,474.05,94.81,June,2025,Sunday
ORD1397,14-04-2025,Neha,neha78@gmail.com,9357537586,Delhi,Delhi,Mouse,Electronics,2,,20,Wallet,Cancelled,16-04-2025,,,,April,2025,Monday
ORD1398,02-03-2025,Neha,neha25@gmail.com,9218737753,Bengaluru,Karnataka,Laptop,Electronics,3,1999,0,NetBanking,Cancelled,08-03-2025,5997,5997,1199.4,March,2025,Sunday
ORD1399,06-01-2025,Neha,neha99@gmail.com,9936830524,Pune,Maharashtra,Chair,Furniture,3,1499,10,UPI,Returned,16-01-2025,4497,4047.3,809.46,January,2025,Monday
ORD1400,,Rahul,rahul47@gmail.com,9349245979,Lucknow,Up,Bottle,Home,4,1999,20,Card,Returned,,7996,6396.8,1279.36,,,
ORD1401,17-06-2025,Rohit,rohit47@gmail.com,9281394007,Delhi,Delhi,Laptop,Electronics,4,1999,15,COD,Returned,19-06-2025,7996,6796.6,1359.32,June,2025,Tuesday
ORD1402,15-06-2025,Rohit,rohit82@gmail.com,9529644273,Jaipur,Rajasthan,Laptop,Electronics,1,1499,0,COD,Returned,18-06-2025,1499,1499,299.8,June,2025,Sunday
ORD1404,11-04-2025,Sneha,sneha22@gmail.com,9434292317,Mumbai,Maharashtra,Laptop,Electronics,4,1499,5,Wallet,Cancelled,20-04-2025,5996,5696.2,1139.24,April,2025,Friday
ORD1405,07-04-2025,Amit,amit80@gmail.com,9897156362,Mumbai,Maharashtra,Watch,Fashion,1,1499,0,Wallet,Returned,13-04-2025,1499,1499,299.8,April,2025,Monday
ORD1406,24-01-2025,Neha,neha53@gmail.com,9256072372,Bengaluru,Karnataka,Watch,Fashion,5,4999,10,UPI,Delivered,26-01-2025,24995,22495.5,4499.1,January,2025,Friday
ORD1407,17-01-2025,Rahul,rahul1@gmail.com,9762627881,Bengaluru,Karnataka,Chair,Furniture,5,1999,20,Card,Cancelled,22-01-2025,9995,7996,1599.2,January,2025,Friday
ORD1408,13-02-2025,Neha,neha66@gmail.com,9629553838,Jaipur,Rajasthan,Mouse,Electronics,5,2599,20,Wallet,Returned,21-02-2025,12995,10396,2079.2,February,2025,Thursday
ORD1409,06-02-2025,Priya,priya1@gmail.com,9526867921,Delhi,Delhi,Watch,Fashion,4,9999,5,Wallet,Returned,08-02-2025,39996,37996.2,7599.24,February,2025,Thursday
ORD1411,13-01-2025,Sneha,sneha95@gmail.com,9918096448,Mumbai,Maharashtra,Laptop,Electronics,1,1999,15,COD,Pending,16-01-2025,1999,1699.15,339.83,January,2025,Monday
ORD1412,24-04-2025,Vikas,vikas28@gmail.com,9954928448,Mumbai,Maharashtra,Watch,Fashion,5,1999,5,COD,Pending,03-05-2025,9995,9495.25,1899.05,April,2025,Thursday
ORD1413,24-01-2025,Sneha,sneha36@gmail.com,9979933333,Pune,Maharashtra,Laptop,Electronics,5,,0,COD,Cancelled,28-01-2025,,,,January,2025,Friday
ORD1414,05-05-2025,Rohit,rohit22@gmail.com,9342595670,Lucknow,Up,Shoes,Fashion,3,,0,Wallet,Pending,11-05-2025,,,,May,2025,Monday
ORD1416,14-03-2025,Rahul,rahul73@gmail.com,9442177066,Jaipur,Rajasthan,Watch,Fashion,4,,20,COD,Delivered,20-03-2025,,,,March,2025,Friday
ORD1417,04-01-2025,Rohit,rohit91@gmail.com,9485740696,Delhi,Delhi,Mouse,Electronics,4,4999,0,UPI,Pending,13-01-2025,19996,19996,3999.2,January,2025,Saturday
ORD1418,05-04-2025,Sneha,sneha54@gmail.com,Unknown,Jaipur,Rajasthan,Chair,Furniture,4,4999,0,NetBanking,Returned,13-04-2025,19996,19996,3999.2,April,2025,Saturday
ORD1419,23-06-2025,Rohit,rohit64@gmail.com,9562675135,Jaipur,Rajasthan,Chair,Furniture,3,1499,0,Wallet,Delivered,01-07-2025,4497,4497,899.4,June,2025,Monday
ORD1420,14-04-2025,Priya,priya90@gmail.com,9279538962,Bengaluru,Karnataka,Watch,Fashion,4,,15,NetBanking,Pending,17-04-2025,,,,April,2025,Monday
ORD1421,14-03-2025,Vikas,vikas31@gmail.com,9183431745,Mumbai,Maharashtra,Watch,Fashion,4,999,10,NetBanking,Pending,21-03-2025,3996,3596.4,719.28,March,2025,Friday
ORD1422,09-05-2025,Amit,amit95@gmail.com,9157480200,Delhi,Delhi,Watch,Fashion,5,4999,5,NetBanking,Cancelled,15-05-2025,24995,23745.25,4749.05,May,2025,Friday
ORD1424,29-03-2025,Priya,priya48@gmail.com,9166100655,Bengaluru,Karnataka,Laptop,Electronics,2,9999,20,NetBanking,Cancelled,04-04-2025,19998,15998.4,3199.68,March,2025,Saturday
ORD1426,19-06-2025,Priya,priya86@gmail.com,9338976081,Pune,Maharashtra,Laptop,Electronics,5,1499,10,COD,Delivered,26-06-2025,7495,6745.5,1349.1,June,2025,Thursday
ORD1427,14-02-2025,Sneha,sneha25@gmail.com,9764093062,Jaipur,Rajasthan,Watch,Fashion,5,9999,0,NetBanking,Pending,22-02-2025,49995,49995,9999,February,2025,Friday
ORD1428,02-04-2025,Priya,priya27@gmail.com,9575383484,Jaipur,Rajasthan,Bottle,Home,5,499,5,Card,Cancelled,08-04-2025,2495,2370.25,474.05,April,2025,Wednesday
ORD1430,13-02-2025,Sneha,sneha17@gmail.com,9770563699,Lucknow,Up,Watch,Fashion,5,1499,20,Wallet,Cancelled,16-02-2025,7495,5996,1199.2,February,2025,Thursday
ORD1431,05-02-2025,Priya,priya43@gmail.com,9340031993,Bengaluru,Karnataka,Shoes,Fashion,2,999,5,COD,Cancelled,15-02-2025,1998,1898.1,379.62,February,2025,Wednesday
ORD1433,16-04-2025,Sneha,sneha19@gmail.com,9818263600,Jaipur,Rajasthan,Shoes,Fashion,5,499,15,UPI,Cancelled,20-04-2025,2495,2120.75,424.15,April,2025,Wednesday
ORD1435,05-03-2025,Rohit,rohit67@gmail.com,9653409026,Lucknow,Up,Laptop,Electronics,5,4999,20,NetBanking,Cancelled,08-03-2025,24995,19996,3999.2,March,2025,Wednesday
ORD1436,22-06-2025,Amit,amit73@gmail.com,9568733492,Lucknow,Up,Watch,Fashion,5,999,15,UPI,Cancelled,01-07-2025,4995,4245.75,849.15,June,2025,Sunday
ORD1437,01-06-2025,Vikas,vikas1@gmail.com,9541696034,Bengaluru,Karnataka,Bottle,Home,4,2599,0,NetBanking,Cancelled,09-06-2025,10396,10396,2079.2,June,2025,Sunday
,14-01-2025,Priya,priya40@gmail.com,9861729728,Delhi,Delhi,Bottle,Home,2,499,0,COD,Cancelled,19-01-2025,998,998,199.6,January,2025,Tuesday
ORD1439,22-05-2025,Rahul,rahul34@gmail.com,9519365466,Lucknow,Up,Mouse,Electronics,5,1499,0,NetBanking,Delivered,29-05-2025,7495,7495,1499,May,2025,Thursday
ORD1440,,Rohit,rohit72@gmail.com,Unknown,Pune,Maharashtra,Watch,Fashion,2,4999,15,NetBanking,Pending,12-02-2025,9998,8498.3,1699.66,,,
ORD1442,15-01-2025,Sneha,sneha75@gmail.com,9866056523,Mumbai,Maharashtra,Watch,Fashion,4,999,15,UPI,Cancelled,22-01-2025,3996,3396.6,679.32,January,2025,Wednesday
ORD1443,14-02-2025,Sneha,sneha36@gmail.com,9605647471,Lucknow,Up,Watch,Fashion,1,1499,0,Card,Pending,16-02-2025,1499,1499,299.8,February,2025,Friday
ORD1444,02-04-2025,Priya,priya86@gmail.com,9417981729,Delhi,Delhi,Bottle,Home,4,9999,20,NetBanking,Pending,08-04-2025,39996,31996.8,6399.36,April,2025,Wednesday
ORD1445,04-05-2025,Vikas,vikas38@gmail.com,9704800143,Pune,Maharashtra,Mouse,Electronics,3,499,5,COD,Delivered,12-05-2025,1497,1422.15,284.43,May,2025,Sunday
ORD1446,07-01-2025,Rahul,rahul36@gmail.com,9844906787,Mumbai,Maharashtra,Shoes,Fashion,3,1499,15,UPI,Cancelled,14-01-2025,4497,3822.45,764.49,January,2025,Tuesday
ORD1448,17-06-2025,Neha,neha6@gmail.com,9891169337,Pune,Maharashtra,Mouse,Electronics,1,4999,0,NetBanking,Cancelled,19-06-2025,4999,4999,999.8,June,2025,Tuesday
ORD1449,19-05-2025,Priya,priya54@gmail.com,9920350446,Bengaluru,Karnataka,Bottle,Home,4,1999,20,UPI,Cancelled,22-05-2025,7996,6396.8,1279.36,May,2025,Monday
ORD1452,23-05-2025,Rahul,rahul40@gmail.com,9125077784,Delhi,Delhi,Laptop,Electronics,5,999,10,Wallet,Cancelled,02-06-2025,4995,4495.5,899.1,May,2025,Friday
ORD1454,10-02-2025,Neha,neha53@gmail.com,9124493553,Pune,Maharashtra,Watch,Fashion,2,1999,15,COD,Delivered,17-02-2025,3998,3398.3,679.66,February,2025,Monday
ORD1455,23-01-2025,Rahul,rahul97@gmail.com,9669206149,Delhi,Delhi,Shoes,Fashion,4,1499,20,Card,Pending,26-01-2025,5996,4796.8,959.36,January,2025,Thursday
ORD1457,11-01-2025,Sneha,sneha97@gmail.com,9523945550,Jaipur,Rajasthan,Bottle,Home,5,1999,0,Wallet,Delivered,13-01-2025,9995,9995,1999,January,2025,Saturday
ORD1458,11-06-2025,Rohit,rohit80@gmail.com,9951760868,Mumbai,Maharashtra,Chair,Furniture,1,2599,20,NetBanking,Delivered,17-06-2025,2599,2079.2,415.84,June,2025,Wednesday
ORD1459,27-03-2025,Neha,neha13@gmail.com,9866332686,Bengaluru,Karnataka,Bottle,Home,3,,15,UPI,Returned,05-04-2025,,,,March,2025,Thursday
ORD1460,01-02-2025,Vikas,vikas8@gmail.com,9178563209,Bengaluru,Karnataka,Mouse,Electronics,2,4999,15,UPI,Delivered,06-02-2025,9998,8498.3,1699.66,February,2025,Saturday
ORD1461,01-04-2025,Rahul,rahul23@gmail.com,9433791076,Jaipur,Rajasthan,Shoes,Fashion,2,1499,20,UPI,Returned,08-04-2025,2998,2398.4,479.68,April,2025,Tuesday
ORD1463,22-06-2025,Neha,neha54@gmail.com,9794486194,Lucknow,Up,Bottle,Home,4,4999,20,COD,Cancelled,27-06-2025,19996,15996.8,3199.36,June,2025,Sunday
ORD1464,21-05-2025,Sneha,sneha53@gmail.com,9595254143,Jaipur,Rajasthan,Laptop,Electronics,5,1999,0,Card,Cancelled,24-05-2025,9995,9995,1999,May,2025,Wednesday
ORD1467,18-04-2025,Rahul,rahul83@gmail.com,9526297908,Pune,Maharashtra,Bottle,Home,4,,5,NetBanking,Pending,21-04-2025,,,,April,2025,Friday
ORD1469,01-04-2025,Rahul,rahul47@gmail.com,9815577094,Bengaluru,Karnataka,Bottle,Home,2,499,0,UPI,Delivered,11-04-2025,998,998,199.6,April,2025,Tuesday
ORD1470,03-01-2025,Priya,priya66@gmail.com,9458583296,Jaipur,Rajasthan,Watch,Fashion,2,9999,5,Wallet,Returned,05-01-2025,19998,18998.1,3799.62,January,2025,Friday
ORD1471,15-06-2025,Sneha,sneha54@gmail.com,9944717091,Delhi,Delhi,Laptop,Electronics,4,2599,20,COD,Returned,21-06-2025,10396,8316.8,1663.36,June,2025,Sunday
ORD1472,18-03-2025,Vikas,vikas87@gmail.com,9861027886,Delhi,Delhi,Mouse,Electronics,5,1499,20,Card,Delivered,26-03-2025,7495,5996,1199.2,March,2025,Tuesday
ORD1473,19-02-2025,Rahul,rahul77@gmail.com,9635640677,Lucknow,Up,Mouse,Electronics,4,1499,0,Wallet,Delivered,23-02-2025,5996,5996,1199.2,February,2025,Wednesday
ORD1476,22-06-2025,Rohit,rohit94@gmail.com,9281632903,Pune,Maharashtra,Chair,Furniture,5,2599,5,Card,Pending,30-06-2025,12995,12345.25,2469.05,June,2025,Sunday
ORD1477,16-04-2025,Vikas,vikas1@gmail.com,9904339004,Bengaluru,Karnataka,Chair,Furniture,2,499,0,COD,Delivered,21-04-2025,998,998,199.6,April,2025,Wednesday
ORD1478,19-04-2025,Sneha,sneha11@gmail.com,9233212770,Delhi,Delhi,Shoes,Fashion,2,1999,20,NetBanking,Delivered,23-04-2025,3998,3198.4,639.68,April,2025,Saturday
ORD1479,18-01-2025,Neha,neha63@gmail.com,9334823454,Bengaluru,Karnataka,Mouse,Electronics,4,4999,0,Card,Pending,26-01-2025,19996,19996,3999.2,January,2025,Saturday
ORD1480,,Rohit,rohit15@gmail.com,9309550784,Pune,Maharashtra,Chair,Furniture,4,4999,15,NetBanking,Delivered,29-05-2025,19996,16996.6,3399.32,,,
ORD1481,17-06-2025,Rohit,rohit46@gmail.com,9379730312,Pune,Maharashtra,Shoes,Fashion,4,2599,0,Wallet,Pending,24-06-2025,10396,10396,2079.2,June,2025,Tuesday
ORD1482,27-04-2025,Rahul,rahul53@gmail.com,9487897218,Pune,Maharashtra,Mouse,Electronics,5,499,5,Wallet,Delivered,01-05-2025,2495,2370.25,474.05,April,2025,Sunday
ORD1483,20-04-2025,Neha,neha34@gmail.com,9620909768,Bengaluru,Karnataka,Laptop,Electronics,2,1999,5,NetBanking,Pending,28-04-2025,3998,3798.1,759.62,April,2025,Sunday
ORD1484,16-02-2025,Sneha,sneha66@gmail.com,Unknown,Delhi,Delhi,Chair,Furniture,4,9999,10,NetBanking,Cancelled,20-02-2025,39996,35996.4,7199.28,February,2025,Sunday
ORD1485,24-05-2025,Rohit,rohit35@gmail.com,9845248519,Pune,Maharashtra,Chair,Furniture,5,499,5,NetBanking,Delivered,31-05-2025,2495,2370.25,474.05,May,2025,Saturday
ORD1486,31-05-2025,Vikas,vikas78@gmail.com,9812671945,Bengaluru,Karnataka,Laptop,Electronics,3,4999,0,Wallet,Delivered,02-06-2025,14997,14997,2999.4,May,2025,Saturday
ORD1487,13-04-2025,Rohit,rohit31@gmail.com,9370472644,Jaipur,Rajasthan,Chair,Furniture,1,499,0,UPI,Delivered,16-04-2025,499,499,99.8,April,2025,Sunday
ORD1488,15-02-2025,Sneha,sneha32@gmail.com,9335556096,Delhi,Delhi,Mouse,Electronics,2,499,0,Wallet,Cancelled,23-02-2025,998,998,199.6,February,2025,Saturday
ORD1490,08-05-2025,Sneha,sneha22@gmail.com,9311385417,Pune,Maharashtra,Laptop,Electronics,2,9999,20,Card,Delivered,17-05-2025,19998,15998.4,3199.68,May,2025,Thursday
ORD1491,04-03-2025,Priya,priya42@gmail.com,9975620718,Lucknow,Up,Laptop,Electronics,2,1499,10,UPI,Cancelled,11-03-2025,2998,2698.2,539.64,March,2025,Tuesday
ORD1492,12-03-2025,Amit,amit65@gmail.com,9442093414,Delhi,Delhi,Bottle,Home,2,,0,NetBanking,Pending,15-03-2025,,,,March,2025,Wednesday
ORD1493,05-03-2025,Sneha,sneha27@gmail.com,9961393609,Delhi,Delhi,Mouse,Electronics,5,4999,0,COD,Delivered,07-03-2025,24995,24995,4999,March,2025,Wednesday
ORD1494,20-03-2025,Sneha,sneha50@gmail.com,9703494194,Delhi,Delhi,Bottle,Home,5,999,0,Wallet,Delivered,23-03-2025,4995,4995,999,March,2025,Thursday
ORD1495,09-02-2025,Sneha,sneha59@gmail.com,9580925306,Bengaluru,Karnataka,Mouse,Electronics,1,499,0,NetBanking,Returned,13-02-2025,499,499,99.8,February,2025,Sunday
ORD1498,26-04-2025,Priya,priya59@gmail.com,9949870677,Jaipur,Rajasthan,Mouse,Electronics,5,1499,10,Wallet,Delivered,03-05-2025,7495,6745.5,1349.1,April,2025,Saturday
ORD1500,15-05-2025,Priya,priya67@gmail.com,9848200695,Pune,Maharashtra,Laptop,Electronics,3,,15,UPI,Delivered,15-05-2025,,,,May,2025,Thursday
ORD1600,15-05-2025,Priya,priya67@gmail.com,9848200695,Pune,Maharashtra,Laptop,Electronics,3,,15,UPI,Delivered,15-05-2025,,,,May,2025,Thursday
ORD1602,30-06-2025,Neha,neha82@gmail.com,9829008196,Delhi,Delhi,Chair,Furniture,4,1999,0,UPI,Pending,03-07-2025,7996,7996,1599.2,June,2025,Monday
ORD1603,03-02-2025,Rohit,rohit45@gmail.com,9280491167,Pune,Maharashtra,Watch,Fashion,5,4999,20,Card,Pending,09-02-2025,24995,19996,3999.2,February,2025,Monday
ORD1604,06-05-2025,Amit,amit6@gmail.com,9943310925,Jaipur,Rajasthan,Mouse,Electronics,3,1999,5,COD,Returned,08-05-2025,5997,5697.15,1139.43,May,2025,Tuesday
ORD1607,10-02-2025,Rahul,rahul82@gmail.com,9517780193,Mumbai,Maharashtra,Mouse,Electronics,3,499,20,Wallet,Cancelled,18-02-2025,1497,1197.6,239.52,February,2025,Monday
ORD1608,17-02-2025,Rahul,rahul71@gmail.com,9789375429,Lucknow,Up,Mouse,Electronics,4,9999,0,Card,Returned,27-02-2025,39996,39996,7999.2,February,2025,Monday
ORD1609,21-03-2025,Rahul,rahul99@gmail.com,9552649559,Mumbai,Maharashtra,Bottle,Home,2,1499,0,Wallet,Pending,28-03-2025,2998,2998,599.6,March,2025,Friday
ORD1610,10-04-2025,Rohit,rohit96@gmail.com,9700116928,Jaipur,Rajasthan,Mouse,Electronics,1,,0,NetBanking,Delivered,16-04-2025,,,,April,2025,Thursday
ORD1611,11-01-2025,Neha,neha22@gmail.com,9580304152,Jaipur,Rajasthan,Chair,Furniture,3,999,0,COD,Pending,16-01-2025,2997,2997,599.4,January,2025,Saturday
ORD1612,03-03-2025,Vikas,vikas46@gmail.com,9551158398,Jaipur,Rajasthan,Shoes,Fashion,3,999,5,COD,Cancelled,09-03-2025,2997,2847.15,569.43,March,2025,Monday
